Top queries,Clicks,Impressions,CTR,Position
bluesky gif downloader,79,879,8.99%,4.48
download bluesky gif,26,296,8.78%,4.35
bsky gif downloader,17,177,9.6%,4
bluesky gif download,17,150,11.33%,4.49
bluesky download gif,15,287,5.23%,4.22
download gif from bluesky,9,121,7.44%,3.93
download bsky gif,5,32,15.62%,3.75
save bluesky gif,3,55,5.45%,4.25
downblue,2,78,2.56%,6.33
bluesky to gif,2,41,4.88%,3.37
how to save gifs from bluesky,2,19,10.53%,4.74
bsky gif download,2,15,13.33%,3.6
download gif bluesky,1,87,1.15%,8.41
bluesky video downloader,1,19,5.26%,77.37
bluesky downloader chrome,1,17,5.88%,8.06
bluesky video download iphone,1,15,6.67%,7
blue sky gif download,1,8,12.5%,6
download gif from bsky,1,7,14.29%,4
descargar gif bluesky,1,3,33.33%,2
how to save a video from bluesky,1,2,50%,5.5
bluesky media downloader,1,1,100%,6
down blue,0,173,0%,6.95
save gif from bluesky,0,60,0%,6.1
descargar videos bluesky,0,56,0%,7.79
how to save a gif from bluesky,0,37,0%,6.57
save bluesky video,0,34,0%,18.56
descargar videos de bluesky,0,33,0%,10.42
descargar video bluesky,0,30,0%,6.57
bluesky video to gif,0,28,0%,7.64
blue downloader,0,26,0%,15.15
bluesky video failed to process,0,25,0%,8.52
bskysaver,0,24,0%,5.42
bluesky videos not working,0,21,0%,9.24
bluesky video download,0,20,0%,37.25
bsky to gif,0,19,0%,2.79
bluesky to mp4,0,17,0%,46.35
blue video downloader,0,16,0%,5.25
down.blue,0,14,0%,6.43
bluesky video not working,0,14,0%,9.43
how to download gifs from bluesky,0,11,0%,7
descargar video de bluesky,0,10,0%,7.2
download bluesky video,0,10,0%,30.6
bsky download gif,0,8,0%,3.38
how to repost on bluesky,0,8,0%,13.88
bluesky gif,0,7,0%,9.14
bluesky download video,0,7,0%,38
save video from bluesky,0,7,0%,45.14
bsky video download,0,7,0%,61.29
bsky video downloader,0,7,0%,62.71
bluesky downloader,0,7,0%,67.14
download video from bluesky,0,7,0%,67.57
bluesky offline,0,5,0%,9.4
how to save bluesky videos,0,5,0%,10.2
download blue sky video,0,5,0%,59.4
how to download videos from bluesky,0,5,0%,71.4
how to download video from bluesky,0,5,0%,74.4
como descargar videos de bluesky,0,4,0%,4.25
save bluesky videos,0,4,0%,9
bluesky failed to save image,0,4,0%,9.75
bluesky video downloader extension,0,4,0%,33.5
bsky to mp4,0,3,0%,34
how to download bluesky videos,0,3,0%,43.33
how to download videos on chromebook,0,3,0%,55
blue sky video downloader,0,3,0%,59.33
bluesky video downloader free,0,3,0%,60.33
bluesky video no sound,0,2,0%,3
bluesky saver,0,2,0%,5
bluesky video down,0,2,0%,5.5
bluesky downloader video,0,2,0%,6.5
download bluesky post,0,2,0%,7
how to download gifs on chromebook,0,2,0%,7.5
bajar video bluesky,0,2,0%,8
download bluesky videos,0,2,0%,10
save video bluesky,0,2,0%,10
how to save videos on bluesky,0,2,0%,29
download blue video,0,2,0%,39.5
download bsky video,0,2,0%,39.5
how to download video on chromebook,0,2,0%,41
how to download a video on chromebook,0,2,0%,48
download videos from bluesky,0,2,0%,66.5
download video bluesky,0,2,0%,72
descargar video blusky,0,1,0%,5
bluesky save video,0,1,0%,6
bluecrawler,0,1,0%,8
bluesky video indir,0,1,0%,8
descargar bluesky video,0,1,0%,8
video failed to process bluesky,0,1,0%,8
how to download bluesky video,0,1,0%,9
bluesky video download bot,0,1,0%,10
bluesky videos not loading,0,1,0%,10
videos not playing on bluesky,0,1,0%,10
bluesky error compressing video,0,1,0%,11
bluesky notx,0,1,0%,11
bluesky videos not playing,0,1,0%,19
블루스카이 저장,0,1,0%,29
can you upload gifs to bluesky,0,1,0%,33
bluesky video downloader chrome extension,0,1,0%,36
bsky downloader,0,1,0%,39
can you download videos from bluesky,0,1,0%,40
download from bluesky,0,1,0%,48
download blusky video,0,1,0%,50
how to save videos from bluesky,0,1,0%,51
bluesky video converter,0,1,0%,52
blusky video downloader,0,1,0%,53
bsky download video,0,1,0%,63
bluesky download,0,1,0%,66
download bsky videos,0,1,0%,79
bluesky downloader extension,0,1,0%,83
scaricare video da bluesky,0,1,0%,100
bluekah (file or mega or link or grab or cloud or view or watch),0,1,0%,104