Top pages,Clicks,Impressions,CTR,Position
https://bluevideosaver.com/,274,4284,6.4%,6.23
https://bluevideosaver.com/es,10,288,3.47%,6.79
https://bluevideosaver.com/blog/bluesky-gif-downloader,8,630,1.27%,10.97
https://bluevideosaver.com/blog/bluesky-download-no-sound-expanded,6,302,1.99%,5.19
https://bluevideosaver.com/blog/download-bluesky-video-iphone,3,255,1.18%,9.69
https://bluevideosaver.com/blog/bluesky-video-not-saving,2,475,0.42%,9.22
https://bluevideosaver.com/blog/down-blue-alternative,2,348,0.57%,7.79
https://bluevideosaver.com/blog/download-bluesky-videos-windows,2,178,1.12%,23.31
https://bluevideosaver.com/blog/download-bluesky-video-mac,2,57,3.51%,15.21
https://bluevideosaver.com/blog/repost-bluesky-video-instagram,1,90,1.11%,8.02
https://bluevideosaver.com/blog/download-private-bluesky-videos,1,69,1.45%,11.09
https://bluevideosaver.com/blog/download-bluesky-thread,1,6,16.67%,6.17
https://bluevideosaver.com/blog/best-bluesky-video-downloader,0,233,0%,7.04
https://bluevideosaver.com/blog,0,135,0%,7
https://bluevideosaver.com/about,0,128,0%,6.38
https://bluevideosaver.com/blog/save-bluesky-video-offline,0,96,0%,27.11
https://bluevideosaver.com/blog/download-bluesky-video-android,0,93,0%,15.15
https://bluevideosaver.com/blog/download-bluesky-video-chromebook,0,33,0%,29.45
https://bluevideosaver.com/blog/bluesky-downloader-no-watermark,0,30,0%,30.87
https://bluevideosaver.com/blog/bluesky-video-downloader-ipad,0,10,0%,6.5
https://bluevideosaver.com/blog/download-bluesky-audio-only,0,4,0%,4.75
https://bluevideosaver.com/pt,0,4,0%,5
https://bluevideosaver.com/blog/bluesky-links-wont-copy,0,3,0%,3.67
https://www.bluevideosaver.com/,0,1,0%,1